branch,host,compiler,mpi,netcdf,o_g,os,build,u_pass,u_fail,s_pass,s_fail,e_pass,e_fail,nuopc_pass,nuopc_fail,artifacts_hash,modified
jedwards_pio_update2,acorn,gfortran 10.3.0,mpi 8.1.7,4.7.4 4.5.3,O,Unicos,pass,13647,0,49,0,80,0,50,0,[artifacts](https://github.com/esmf-org/esmf-test-artifacts/tree/f53a977c95a7902e04debd445c808ccbf472452e/jedwards_pio_update2/acorn/gfortran/10.3.0/O/mpi/8.1.7),2022-03-17 01:54:31 +0000
jedwards_pio_update2,acorn,gfortran 10.3.0,mpi 8.1.7,4.7.4 4.5.3,g,Unicos,pass,13647,0,49,0,80,0,50,0,[artifacts](https://github.com/esmf-org/esmf-test-artifacts/tree/f33f49a81959319e1fb39c3d5fe89b7c4eb67196/jedwards_pio_update2/acorn/gfortran/10.3.0/g/mpi/8.1.7),2022-03-17 02:01:51 +0000
jedwards_pio_update2,acorn,intel 19.1.3,mpi 8.1.7,4.7.4 4.5.3,O,Unicos,pass,13647,0,49,0,80,0,50,0,[artifacts](https://github.com/esmf-org/esmf-test-artifacts/tree/22d8b5ff0a674a789a81b0ae84deb47c908a725b/jedwards_pio_update2/acorn/intel/19.1.3/O/mpi/8.1.7),2022-03-17 01:57:13 +0000
jedwards_pio_update2,acorn,intel 19.1.3,mpi 8.1.7,4.7.4 4.5.3,g,Unicos,pass,13647,0,49,0,80,0,50,0,[artifacts](https://github.com/esmf-org/esmf-test-artifacts/tree/e9182370d1c909ba9717f0dbbe14032800b8ee1e/jedwards_pio_update2/acorn/intel/19.1.3/g/mpi/8.1.7),2022-03-17 01:57:59 +0000
jedwards_pio_update2,acorn,intel 2019.3,mpi 8.1.7,4.7.4 4.5.3,O,Unicos,pass,13647,0,49,0,80,0,50,0,[artifacts](https://github.com/esmf-org/esmf-test-artifacts/tree/04ee78f9ddb5a7004167c4d19a8d0f7a2e4ee99f/jedwards_pio_update2/acorn/intel/2019.3/O/mpi/8.1.7),2022-03-16 01:57:49 +0000
jedwards_pio_update2,acorn,intel 2019.3,mpi 8.1.7,4.7.4 4.5.3,g,Unicos,pass,13647,0,49,0,80,0,50,0,[artifacts](https://github.com/esmf-org/esmf-test-artifacts/tree/58ff5d7eb2d62ad6414fe3fa56f4155b7a0ea30b/jedwards_pio_update2/acorn/intel/2019.3/g/mpi/8.1.7),2022-03-16 01:58:44 +0000
jedwards_pio_update2,cheyenne,gfortran 10.1.0,mpt 2.23,4.7.4 4.5.3,O,Linux,pass,13647,0,49,0,80,0,50,0,[artifacts](https://github.com/esmf-org/esmf-test-artifacts/tree/fd04c722d650fa114681c7a9d7100a324550d3bd/jedwards_pio_update2/cheyenne/gfortran/10.1.0/O/mpt/2.23),2022-03-17 06:37:50 -0600
jedwards_pio_update2,cheyenne,gfortran 10.1.0,openmpi 4.0.5,4.7.4 4.5.3,O,Linux,pass,13647,0,49,0,80,0,50,0,[artifacts](https://github.com/esmf-org/esmf-test-artifacts/tree/cff09939f0e959802462d540c38f6e6e1e1b7d1f/jedwards_pio_update2/cheyenne/gfortran/10.1.0/O/openmpi/4.0.5),2022-03-17 06:43:49 -0600
jedwards_pio_update2,cheyenne,gfortran 7.4.0,openmpi 4.0.3,4.7.3 4.5.2,O,Linux,pass,13647,0,49,0,80,0,50,0,[artifacts](https://github.com/esmf-org/esmf-test-artifacts/tree/1936670cf72b318e5a478b3f03d26dfffc50f5c4/jedwards_pio_update2/cheyenne/gfortran/7.4.0/O/openmpi/4.0.3),2022-03-17 06:39:51 -0600
jedwards_pio_update2,cheyenne,gfortran 9.1.0,mpt 2.22,4.7.3 4.5.2,O,Linux,pass,13647,0,49,0,80,0,50,0,[artifacts](https://github.com/esmf-org/esmf-test-artifacts/tree/e89590bd71b76ef5d0d61c5b5c9b58ab6da4c37c/jedwards_pio_update2/cheyenne/gfortran/9.1.0/O/mpt/2.22),2022-03-17 06:34:55 -0600
jedwards_pio_update2,cheyenne,gfortran 9.1.0,openmpi 4.0.5,4.7.3 4.5.2,O,Linux,pass,13647,0,49,0,80,0,50,0,[artifacts](https://github.com/esmf-org/esmf-test-artifacts/tree/fdf4f5f00fed1ec9e1e7d54153aa1dd0d2c4db61/jedwards_pio_update2/cheyenne/gfortran/9.1.0/O/openmpi/4.0.5),2022-03-17 06:40:30 -0600
jedwards_pio_update2,cheyenne,intel 18.0.5,intelmpi 2018.4.274,4.6.3 4.4.4,O,Linux,pass,13647,0,49,0,80,0,50,0,[artifacts](https://github.com/esmf-org/esmf-test-artifacts/tree/644e4413744f2f4acbc508b1c0a3e6de4aac1e5c/jedwards_pio_update2/cheyenne/intel/18.0.5/O/intelmpi/2018.4.274),2022-03-16 17:34:23 -0600
jedwards_pio_update2,cheyenne,intel 18.0.5,intelmpi 2018.4.274,4.6.3 4.4.4,g,Linux,pass,13647,0,49,0,80,0,50,0,[artifacts](https://github.com/esmf-org/esmf-test-artifacts/tree/f1908d4e7720e683b48653c90fb6b4b20030b945/jedwards_pio_update2/cheyenne/intel/18.0.5/g/intelmpi/2018.4.274),2022-03-16 17:41:26 -0600
jedwards_pio_update2,cheyenne,intel 18.0.5,mpiuni none,4.8.1 4.5.3,O,Linux,pass,12121,0,8,0,43,0,0,50,[artifacts](https://github.com/esmf-org/esmf-test-artifacts/tree/344dd28d887f1b079bd7fba75a70e03cc4446867/jedwards_pio_update2/cheyenne/intel/18.0.5/O/mpiuni/none),2022-03-16 17:12:38 -0600
jedwards_pio_update2,cheyenne,intel 18.0.5,mpiuni none,4.8.1 4.5.3,g,Linux,pass,12121,0,8,0,43,0,0,50,[artifacts](https://github.com/esmf-org/esmf-test-artifacts/tree/83e42f73385f3c6dfae35eee4ac900df40598055/jedwards_pio_update2/cheyenne/intel/18.0.5/g/mpiuni/none),2022-03-16 17:20:38 -0600
jedwards_pio_update2,cheyenne,intel 18.0.5,mpt 2.19,4.6.3 4.4.4,O,Linux,pass,13647,0,49,0,80,0,0,50,[artifacts](https://github.com/esmf-org/esmf-test-artifacts/tree/cc4f620f551246335d797c54879f1528837f19f9/jedwards_pio_update2/cheyenne/intel/18.0.5/O/mpt/2.19),2022-03-16 17:40:27 -0600
jedwards_pio_update2,cheyenne,intel 18.0.5,mpt 2.19,4.6.3 4.4.4,g,Linux,pass,13647,0,49,0,80,0,0,50,[artifacts](https://github.com/esmf-org/esmf-test-artifacts/tree/0f12b9f05b90470fef3cc3c0486dd2bb409ae46d/jedwards_pio_update2/cheyenne/intel/18.0.5/g/mpt/2.19),2022-03-16 17:45:09 -0600
jedwards_pio_update2,cheyenne,intel 18.0.5,openmpi 3.1.4,4.6.3 4.4.4,O,Linux,pass,13647,0,49,0,80,0,50,0,[artifacts](https://github.com/esmf-org/esmf-test-artifacts/tree/465d8f985a8f66ea77d6674941b5bb588f5411c3/jedwards_pio_update2/cheyenne/intel/18.0.5/O/openmpi/3.1.4),2022-03-16 17:36:47 -0600
jedwards_pio_update2,cheyenne,intel 18.0.5,openmpi 3.1.4,4.6.3 4.4.4,g,Linux,pass,13647,0,49,0,80,0,50,0,[artifacts](https://github.com/esmf-org/esmf-test-artifacts/tree/9295a1beeda28dde739708971fe04dabacd50bd8/jedwards_pio_update2/cheyenne/intel/18.0.5/g/openmpi/3.1.4),2022-03-16 17:42:21 -0600
