branch,host,compiler,c_version,mpi,m_version,o_g,os,build,u_pass,u_fail,s_pass,s_fail,e_pass,e_fail,nuopc_pass,nuopc_fail,netcdf_c,netcdf_f,artifacts_hash,modified
jedwards_pio_update2,discover,gfortran,10.1.0,intelmpi,19.1.3.304,O,Linux,Pass,13632,15,49,0,80,0,50,0,,,[artifacts](https://github.com/esmf-org/esmf-test-artifacts/tree/9f8251204b143425f965569d4d682c4954e92297),2022-03-03 12:44:47.033926
jedwards_pio_update2,discover,gfortran,10.1.0,intelmpi,19.1.3.304,g,Linux,Pass,13632,15,49,0,80,0,50,0,,,[artifacts](https://github.com/esmf-org/esmf-test-artifacts/tree/c0e619cac0ba1ba6659e11103f8f74109290b704),2022-03-03 12:44:47.033926
jedwards_pio_update2,discover,gfortran,8.3.0,intelmpi,19.1.3.304,O,Linux,Pass,13632,15,49,0,80,0,50,0,,,[artifacts](https://github.com/esmf-org/esmf-test-artifacts/tree/5e0196715b67a901ab603bfb5d3fdba723b104da),2022-03-03 12:44:47.033926
jedwards_pio_update2,discover,gfortran,8.3.0,intelmpi,19.1.3.304,g,Linux,Pass,13632,15,49,0,80,0,50,0,,,[artifacts](https://github.com/esmf-org/esmf-test-artifacts/tree/40738e3bddabe4f765601f0a3f219a4e60a64959),2022-03-03 12:44:47.033926
jedwards_pio_update2,discover,gfortran,8.3.0,mpiuni,none,O,Linux,Pass,12121,0,8,0,43,0,0,50,,,[artifacts](https://github.com/esmf-org/esmf-test-artifacts/tree/a09df942d45420c0d2c31ca1ffea440f9d4345b3),2022-03-03 12:44:47.033926
jedwards_pio_update2,discover,gfortran,8.3.0,mpiuni,none,g,Linux,Pass,12121,0,8,0,43,0,0,50,,,[artifacts](https://github.com/esmf-org/esmf-test-artifacts/tree/c0d34e243a8f2480494ccb7c239e4aaa11044cc8),2022-03-03 12:44:47.033926
jedwards_pio_update2,discover,gfortran,8.3.0,mpt,2.17,O,Linux,Pass,13647,0,49,0,80,0,46,4,,,[artifacts](https://github.com/esmf-org/esmf-test-artifacts/tree/657c4db71f7f145001a2fad7f7a4055d100c4442),2022-03-03 12:44:47.033926
jedwards_pio_update2,discover,intel,2020,intelmpi,19.1.3.304,g,Linux,Pass,13258,389,49,0,79,1,34,16,4.8.0,4.5.4,[artifacts](https://github.com/esmf-org/esmf-test-artifacts/tree/c6d856b72f3542b6094e111e838a71f6b0b1c83b),2022-03-03 12:44:47.033926
jedwards_pio_update2,discover,intel,2020,mpt,2.17,O,Linux,Pass,13647,0,49,0,80,0,0,50,4.8.0,4.5.4,[artifacts](https://github.com/esmf-org/esmf-test-artifacts/tree/3a7cc2e006cf0088165c4afdb8b3f014f1b1a2d8),2022-03-03 12:44:47.033926
jedwards_pio_update2,discover,intel,2020,mpt,2.17,g,Linux,Pass,13258,389,49,0,79,1,0,50,4.8.0,4.5.4,[artifacts](https://github.com/esmf-org/esmf-test-artifacts/tree/a15cfc56e9bd816d48b78f8f63cd4df93ef436ed),2022-03-03 12:44:47.033926
jedwards_pio_update2,discover,pgi,2020,mpiuni,none,O,Linux,Pass,11499,622,6,2,40,3,0,50,,,[artifacts](https://github.com/esmf-org/esmf-test-artifacts/tree/9ab70ac142e1a16b64b5a51862bb452baae5ee90),2022-03-03 12:44:47.033926
jedwards_pio_update2,discover,pgi,2020,mpiuni,none,g,Linux,Pass,11499,622,4,4,40,3,0,50,,,[artifacts](https://github.com/esmf-org/esmf-test-artifacts/tree/9dce32284bc86877006d0adfdfff503a2f702d23),2022-03-03 12:44:47.033926
jedwards_pio_update2,gaea,gfortran,8.3.0,mpi,7.7.11,O,Unicos,Pass,13645,2,49,0,80,0,47,3,4.6.3,4.4.5,[artifacts](https://github.com/esmf-org/esmf-test-artifacts/tree/45debab571a76877d1d78201e6f37d1dd587dfe5),2022-03-02 23:46:22.767802
jedwards_pio_update2,gaea,gfortran,8.3.0,mpi,7.7.11,g,Unicos,Pass,13257,390,49,0,79,1,31,19,4.6.3,4.4.5,[artifacts](https://github.com/esmf-org/esmf-test-artifacts/tree/9cad4d4743a0b734124eebe125a745de0986e0bd),2022-03-02 23:46:22.767802
jedwards_pio_update2,gaea,gfortran,8.3.0,mpiuni,none,O,Unicos,Pass,12121,0,8,0,43,0,0,50,4.6.3,4.4.5,[artifacts](https://github.com/esmf-org/esmf-test-artifacts/tree/a1663116b23d875faa22f46e503e95e4b9d10d94),2022-03-02 23:46:22.767802
jedwards_pio_update2,gaea,gfortran,8.3.0,mpiuni,none,g,Unicos,Pass,12121,0,8,0,43,0,0,50,4.6.3,4.4.5,[artifacts](https://github.com/esmf-org/esmf-test-artifacts/tree/15d25d073b4b1874627fa4f21dca3549051d0f6f),2022-03-02 23:46:22.767802
jedwards_pio_update2,gaea,intel,2019.5,mpi,7.7.11,O,Unicos,Pass,13632,15,49,0,80,0,47,3,4.6.3,4.4.5,[artifacts](https://github.com/esmf-org/esmf-test-artifacts/tree/c0386d1bd0cd08c429650995c9b622f75320b92e),2022-03-02 23:46:22.767802
jedwards_pio_update2,gaea,intel,2019.5,mpi,7.7.11,g,Unicos,Pass,13632,15,49,0,80,0,47,3,4.6.3,4.4.5,[artifacts](https://github.com/esmf-org/esmf-test-artifacts/tree/acddaa55cd55f4f2526ee095c80dd6325bd565ff),2022-03-02 23:46:22.767802
jedwards_pio_update2,gaea,intel,2019.5,mpiuni,none,O,Unicos,Pass,12106,15,8,0,43,0,0,50,4.6.3,4.4.5,[artifacts](https://github.com/esmf-org/esmf-test-artifacts/tree/8b7b12f862137e9843a0c35e6a07b53ea7015f0d),2022-03-02 23:46:22.767802
jedwards_pio_update2,gaea,intel,2019.5,mpiuni,none,g,Unicos,Pass,12106,15,8,0,43,0,0,50,4.6.3,4.4.5,[artifacts](https://github.com/esmf-org/esmf-test-artifacts/tree/0be51cb37bd3eb5811a271b3bd6dbabcf9191dd2),2022-03-02 23:46:22.767802
