branch,host,compiler,c_version,mpi,m_version,o_g,os,build,u_pass,u_fail,s_pass,s_fail,e_pass,e_fail,nuopc_pass,nuopc_fail,hash,modified
jedwards_pio_update,cheyenne,intel,18.0.5,intelmpi,2018.4.274,O,Linux,Pass,9033,0,49,0,80,0,50,0,[artifacts](https://github.com/esmf-org/esmf-test-artifacts/tree/cheyenne/jedwards_pio_update/cheyenne/intel/18.0.5/O/intelmpi/2018.4.274),02/18/2022_20:11:18
jedwards_pio_update,cheyenne,intel,18.0.5,intelmpi,2018.4.274,g,Linux,Pass,13657,0,49,0,80,0,50,0,[artifacts](https://github.com/esmf-org/esmf-test-artifacts/tree/cheyenne/jedwards_pio_update/cheyenne/intel/18.0.5/g/intelmpi/2018.4.274),02/18/2022_20:11:18
jedwards_pio_update,cheyenne,intel,18.0.5,mpiuni,none,O,Linux,Fail,fail,fail,fail,fail,fail,fail,0,50,[artifacts](https://github.com/esmf-org/esmf-test-artifacts/tree/cheyenne/jedwards_pio_update/cheyenne/intel/18.0.5/O/mpiuni/none),02/18/2022_20:11:18
jedwards_pio_update,cheyenne,intel,18.0.5,mpiuni,none,g,Linux,Fail,fail,fail,fail,fail,fail,fail,0,50,[artifacts](https://github.com/esmf-org/esmf-test-artifacts/tree/cheyenne/jedwards_pio_update/cheyenne/intel/18.0.5/g/mpiuni/none),02/18/2022_20:11:18
jedwards_pio_update,cheyenne,intel,18.0.5,mpt,2.19,O,Linux,Pass,9033,0,49,0,80,0,0,50,[artifacts](https://github.com/esmf-org/esmf-test-artifacts/tree/cheyenne/jedwards_pio_update/cheyenne/intel/18.0.5/O/mpt/2.19),02/18/2022_20:11:18
jedwards_pio_update,cheyenne,intel,18.0.5,mpt,2.19,g,Linux,Pass,13657,0,49,0,80,0,0,50,[artifacts](https://github.com/esmf-org/esmf-test-artifacts/tree/cheyenne/jedwards_pio_update/cheyenne/intel/18.0.5/g/mpt/2.19),02/18/2022_20:11:18
jedwards_pio_update,cheyenne,intel,18.0.5,openmpi,3.1.4,O,Linux,Pass,9033,0,49,0,80,0,50,0,[artifacts](https://github.com/esmf-org/esmf-test-artifacts/tree/cheyenne/jedwards_pio_update/cheyenne/intel/18.0.5/O/openmpi/3.1.4),02/18/2022_20:11:18
jedwards_pio_update,cheyenne,intel,18.0.5,openmpi,3.1.4,g,Linux,Pass,13657,0,49,0,80,0,50,0,[artifacts](https://github.com/esmf-org/esmf-test-artifacts/tree/cheyenne/jedwards_pio_update/cheyenne/intel/18.0.5/g/openmpi/3.1.4),02/18/2022_20:11:18
jedwards_pio_update,discover,gfortran,10.1.0,intelmpi,19.1.3.304,O,Linux,Pass,9018,15,49,0,80,0,50,0,[artifacts](https://github.com/esmf-org/esmf-test-artifacts/tree/discover/jedwards_pio_update/discover/gfortran/10.1.0/O/intelmpi/19.1.3.304),02/18/2022_20:12:11
jedwards_pio_update,discover,gfortran,10.1.0,intelmpi,19.1.3.304,g,Linux,Pass,13642,15,49,0,80,0,50,0,[artifacts](https://github.com/esmf-org/esmf-test-artifacts/tree/discover/jedwards_pio_update/discover/gfortran/10.1.0/g/intelmpi/19.1.3.304),02/18/2022_20:12:11
jedwards_pio_update,discover,gfortran,8.3.0,intelmpi,19.1.3.304,O,Linux,Pass,9018,15,49,0,80,0,50,0,[artifacts](https://github.com/esmf-org/esmf-test-artifacts/tree/discover/jedwards_pio_update/discover/gfortran/8.3.0/O/intelmpi/19.1.3.304),02/18/2022_20:12:11
jedwards_pio_update,discover,gfortran,8.3.0,intelmpi,19.1.3.304,g,Linux,Pass,13642,15,49,0,80,0,50,0,[artifacts](https://github.com/esmf-org/esmf-test-artifacts/tree/discover/jedwards_pio_update/discover/gfortran/8.3.0/g/intelmpi/19.1.3.304),02/18/2022_20:12:11
jedwards_pio_update,discover,gfortran,8.3.0,mpiuni,none,O,Linux,Fail,fail,fail,fail,fail,fail,fail,0,50,[artifacts](https://github.com/esmf-org/esmf-test-artifacts/tree/discover/jedwards_pio_update/discover/gfortran/8.3.0/O/mpiuni/none),02/18/2022_20:12:11
jedwards_pio_update,discover,gfortran,8.3.0,mpiuni,none,g,Linux,Fail,fail,fail,fail,fail,fail,fail,0,50,[artifacts](https://github.com/esmf-org/esmf-test-artifacts/tree/discover/jedwards_pio_update/discover/gfortran/8.3.0/g/mpiuni/none),02/18/2022_20:12:11
jedwards_pio_update,discover,gfortran,8.3.0,mpt,2.17,O,Linux,Pass,9033,0,49,0,80,0,46,4,[artifacts](https://github.com/esmf-org/esmf-test-artifacts/tree/discover/jedwards_pio_update/discover/gfortran/8.3.0/O/mpt/2.17),02/18/2022_20:12:11
jedwards_pio_update,discover,gfortran,8.3.0,mpt,2.17,g,Linux,Pass,13657,0,49,0,80,0,46,4,[artifacts](https://github.com/esmf-org/esmf-test-artifacts/tree/discover/jedwards_pio_update/discover/gfortran/8.3.0/g/mpt/2.17),02/18/2022_20:12:11
jedwards_pio_update,discover,intel,2020,intelmpi,19.1.3.304,O,Linux,Pass,9033,0,49,0,80,0,50,0,[artifacts](https://github.com/esmf-org/esmf-test-artifacts/tree/discover/jedwards_pio_update/discover/intel/2020/O/intelmpi/19.1.3.304),02/18/2022_20:12:11
jedwards_pio_update,discover,intel,2020,intelmpi,19.1.3.304,g,Linux,Pass,13657,0,49,0,80,0,50,0,[artifacts](https://github.com/esmf-org/esmf-test-artifacts/tree/discover/jedwards_pio_update/discover/intel/2020/g/intelmpi/19.1.3.304),02/18/2022_20:12:11
jedwards_pio_update,discover,intel,2020,mpt,2.17,O,Linux,Pass,9033,0,49,0,80,0,0,50,[artifacts](https://github.com/esmf-org/esmf-test-artifacts/tree/discover/jedwards_pio_update/discover/intel/2020/O/mpt/2.17),02/18/2022_20:12:11
jedwards_pio_update,discover,intel,2020,mpt,2.17,g,Linux,Pass,13657,0,49,0,80,0,0,50,[artifacts](https://github.com/esmf-org/esmf-test-artifacts/tree/discover/jedwards_pio_update/discover/intel/2020/g/mpt/2.17),02/18/2022_20:12:11
jedwards_pio_update,discover,pgi,2020,mpiuni,none,O,Linux,Fail,fail,fail,fail,fail,fail,fail,0,50,[artifacts](https://github.com/esmf-org/esmf-test-artifacts/tree/discover/jedwards_pio_update/discover/pgi/2020/O/mpiuni/none),02/18/2022_20:12:11
jedwards_pio_update,discover,pgi,2020,mpiuni,none,g,Linux,Fail,fail,fail,fail,fail,fail,fail,0,50,[artifacts](https://github.com/esmf-org/esmf-test-artifacts/tree/discover/jedwards_pio_update/discover/pgi/2020/g/mpiuni/none),02/18/2022_20:12:11
jedwards_pio_update,gaea,gfortran,8.3.0,mpi,7.7.11,O,Unicos,Pass,9032,1,49,0,80,0,47,3,[artifacts](https://github.com/esmf-org/esmf-test-artifacts/tree/gaea/jedwards_pio_update/gaea/gfortran/8.3.0/O/mpi/7.7.11),02/18/2022_20:12:33
jedwards_pio_update,gaea,gfortran,8.3.0,mpi,7.7.11,g,Unicos,Pass,13656,1,49,0,80,0,47,3,[artifacts](https://github.com/esmf-org/esmf-test-artifacts/tree/gaea/jedwards_pio_update/gaea/gfortran/8.3.0/g/mpi/7.7.11),02/18/2022_20:12:33
jedwards_pio_update,gaea,gfortran,8.3.0,mpiuni,none,O,Unicos,Fail,fail,fail,fail,fail,fail,fail,0,50,[artifacts](https://github.com/esmf-org/esmf-test-artifacts/tree/gaea/jedwards_pio_update/gaea/gfortran/8.3.0/O/mpiuni/none),02/18/2022_20:12:33
jedwards_pio_update,gaea,gfortran,8.3.0,mpiuni,none,g,Unicos,Fail,fail,fail,fail,fail,fail,fail,0,50,[artifacts](https://github.com/esmf-org/esmf-test-artifacts/tree/gaea/jedwards_pio_update/gaea/gfortran/8.3.0/g/mpiuni/none),02/18/2022_20:12:33
jedwards_pio_update,gaea,intel,2019.5,mpi,7.7.11,O,Unicos,Pass,11878,-113,49,0,80,0,47,3,[artifacts](https://github.com/esmf-org/esmf-test-artifacts/tree/gaea/jedwards_pio_update/gaea/intel/2019.5/O/mpi/7.7.11),02/18/2022_20:12:33
jedwards_pio_update,gaea,intel,2019.5,mpi,7.7.11,g,Unicos,Pass,11878,-113,49,0,80,0,47,3,[artifacts](https://github.com/esmf-org/esmf-test-artifacts/tree/gaea/jedwards_pio_update/gaea/intel/2019.5/g/mpi/7.7.11),02/18/2022_20:12:33
jedwards_pio_update,gaea,intel,2019.5,mpiuni,none,O,Unicos,Fail,fail,fail,fail,fail,fail,fail,0,50,[artifacts](https://github.com/esmf-org/esmf-test-artifacts/tree/gaea/jedwards_pio_update/gaea/intel/2019.5/O/mpiuni/none),02/18/2022_20:12:33
jedwards_pio_update,gaea,intel,2019.5,mpiuni,none,g,Unicos,Fail,fail,fail,fail,fail,fail,fail,0,50,[artifacts](https://github.com/esmf-org/esmf-test-artifacts/tree/gaea/jedwards_pio_update/gaea/intel/2019.5/g/mpiuni/none),02/18/2022_20:12:33
jedwards_pio_update,orion,gfortran,8.3.0,openmpi,4.0.2,O,Linux,Pass,9033,0,49,0,80,0,50,0,[artifacts](https://github.com/esmf-org/esmf-test-artifacts/tree/orion/jedwards_pio_update/orion/gfortran/8.3.0/O/openmpi/4.0.2),02/18/2022_20:13:56
jedwards_pio_update,orion,gfortran,8.3.0,openmpi,4.0.2,g,Linux,Pass,13657,0,49,0,80,0,50,0,[artifacts](https://github.com/esmf-org/esmf-test-artifacts/tree/orion/jedwards_pio_update/orion/gfortran/8.3.0/g/openmpi/4.0.2),02/18/2022_20:13:56
jedwards_pio_update,orion,intel,2020,intelmpi,2020.2,O,Linux,Pass,9031,2,49,0,80,0,50,0,[artifacts](https://github.com/esmf-org/esmf-test-artifacts/tree/orion/jedwards_pio_update/orion/intel/2020/O/intelmpi/2020.2),02/18/2022_20:13:56
jedwards_pio_update,orion,intel,2020,intelmpi,2020.2,g,Linux,Pass,fail,fail,fail,fail,fail,fail,0,0,[artifacts](https://github.com/esmf-org/esmf-test-artifacts/tree/orion/jedwards_pio_update/orion/intel/2020/g/intelmpi/2020.2),02/18/2022_20:13:56
