branch,host,compiler,c_version,mpi,m_version,o_g,os,netcdf_c,netcdf_f,build,u_pass,u_fail,s_pass,s_fail,e_pass,e_fail,nuopc_pass,nuopc_fail,artifacts_hash,modified
jedwards_pio_update2,cheyenne,intel,18.0.5,intelmpi,2018.4.274,O,Linux,4.6.3,4.4.4,fail,13647,0,49,0,80,0,50,0,[artifacts](https://github.com/esmf-org/esmf-test-artifacts/tree/d46858b1b0acf3dfaf0881bce100024a0091cdfd/jedwards_pio_update2/cheyenne/intel/18.0.5/O/intelmpi/2018.4.274),2022-03-09 15:45:28.875187
jedwards_pio_update2,cheyenne,intel,18.0.5,intelmpi,2018.4.274,g,Linux,4.6.3,4.4.4,fail,13647,0,49,0,80,0,50,0,[artifacts](https://github.com/esmf-org/esmf-test-artifacts/tree/304e8d3051e5278f62637621c36692819b56f069/jedwards_pio_update2/cheyenne/intel/18.0.5/g/intelmpi/2018.4.274),2022-03-09 15:45:28.875172
jedwards_pio_update2,cheyenne,intel,18.0.5,mpiuni,none,O,Linux,4.8.1,4.5.3,fail,12121,0,8,0,43,0,0,50,[artifacts](https://github.com/esmf-org/esmf-test-artifacts/tree/77030e9fa419617944b1a341999bb62be41f70a8/jedwards_pio_update2/cheyenne/intel/18.0.5/O/mpiuni/none),2022-03-09 15:45:28.875180
jedwards_pio_update2,cheyenne,intel,18.0.5,mpiuni,none,g,Linux,4.8.1,4.5.3,fail,12121,0,8,0,43,0,0,50,[artifacts](https://github.com/esmf-org/esmf-test-artifacts/tree/50a55293996030abf0ea02b97637e9024a330282/jedwards_pio_update2/cheyenne/intel/18.0.5/g/mpiuni/none),2022-03-09 15:45:28.875185
jedwards_pio_update2,cheyenne,intel,18.0.5,mpt,2.19,O,Linux,4.6.3,4.4.4,fail,13647,0,49,0,80,0,0,50,[artifacts](https://github.com/esmf-org/esmf-test-artifacts/tree/b0622cd9770b109832aa4ab6639dec3924312a68/jedwards_pio_update2/cheyenne/intel/18.0.5/O/mpt/2.19),2022-03-09 15:45:28.875175
jedwards_pio_update2,cheyenne,intel,18.0.5,mpt,2.19,g,Linux,4.6.3,4.4.4,fail,13647,0,49,0,80,0,0,50,[artifacts](https://github.com/esmf-org/esmf-test-artifacts/tree/2c700afbedc9ab2479691008ae892dd213460cce/jedwards_pio_update2/cheyenne/intel/18.0.5/g/mpt/2.19),2022-03-09 15:45:28.875182
jedwards_pio_update2,cheyenne,intel,18.0.5,openmpi,3.1.4,O,Linux,4.6.3,4.4.4,fail,13647,0,49,0,80,0,50,0,[artifacts](https://github.com/esmf-org/esmf-test-artifacts/tree/540dd3856f96b2730b22351a7fd59444eb29f8a7/jedwards_pio_update2/cheyenne/intel/18.0.5/O/openmpi/3.1.4),2022-03-09 15:45:28.875155
jedwards_pio_update2,cheyenne,intel,18.0.5,openmpi,3.1.4,g,Linux,4.6.3,4.4.4,fail,13647,0,49,0,80,0,50,0,[artifacts](https://github.com/esmf-org/esmf-test-artifacts/tree/fb0cdf6b2ebb30b5172eca5d633c6d8d3204ff3d/jedwards_pio_update2/cheyenne/intel/18.0.5/g/openmpi/3.1.4),2022-03-09 15:45:28.875178
jedwards_pio_update2,discover,gfortran,10.1.0,intelmpi,19.1.3.304,O,Linux,N/A,N/A,fail,13632,15,49,0,80,0,50,0,[artifacts](https://github.com/esmf-org/esmf-test-artifacts/tree/31a6558eb14fc3bdf0e853d1dee8c9961b72cf78/jedwards_pio_update2/discover/gfortran/10.1.0/O/intelmpi/19.1.3.304),2022-03-09 15:46:59.672158
jedwards_pio_update2,discover,gfortran,10.1.0,intelmpi,19.1.3.304,g,Linux,N/A,N/A,fail,13632,15,49,0,80,0,50,0,[artifacts](https://github.com/esmf-org/esmf-test-artifacts/tree/4c03621e1a18aee359b47c1b1967b8db4460e44a/jedwards_pio_update2/discover/gfortran/10.1.0/g/intelmpi/19.1.3.304),2022-03-09 15:46:59.672186
jedwards_pio_update2,discover,gfortran,8.3.0,intelmpi,19.1.3.304,O,Linux,N/A,N/A,fail,13632,15,49,0,80,0,50,0,[artifacts](https://github.com/esmf-org/esmf-test-artifacts/tree/29b09da163647247aa6c9d514aa95b53ba6fef17/jedwards_pio_update2/discover/gfortran/8.3.0/O/intelmpi/19.1.3.304),2022-03-09 15:46:59.672165
jedwards_pio_update2,discover,gfortran,8.3.0,intelmpi,19.1.3.304,g,Linux,N/A,N/A,fail,13632,15,49,0,80,0,50,0,[artifacts](https://github.com/esmf-org/esmf-test-artifacts/tree/6965fd7bb5b78661aa9984dd2e132358f2dc758e/jedwards_pio_update2/discover/gfortran/8.3.0/g/intelmpi/19.1.3.304),2022-03-09 15:46:59.672179
jedwards_pio_update2,discover,gfortran,8.3.0,mpiuni,none,O,Linux,N/A,N/A,fail,12121,0,8,0,43,0,0,50,[artifacts](https://github.com/esmf-org/esmf-test-artifacts/tree/4a45ebd61a45469f8b5ad0f5aa9e22e097398353/jedwards_pio_update2/discover/gfortran/8.3.0/O/mpiuni/none),2022-03-09 15:46:59.672168
jedwards_pio_update2,discover,gfortran,8.3.0,mpiuni,none,g,Linux,N/A,N/A,fail,12121,0,8,0,43,0,0,50,[artifacts](https://github.com/esmf-org/esmf-test-artifacts/tree/559739c4c27eb7014d82d1012e60e46d86d51f7d/jedwards_pio_update2/discover/gfortran/8.3.0/g/mpiuni/none),2022-03-09 15:46:59.672176
jedwards_pio_update2,discover,gfortran,8.3.0,mpt,2.17,O,Linux,N/A,N/A,fail,13647,0,49,0,80,0,46,4,[artifacts](https://github.com/esmf-org/esmf-test-artifacts/tree/902598998ef225f659092de9e6738b011640c965/jedwards_pio_update2/discover/gfortran/8.3.0/O/mpt/2.17),2022-03-09 15:46:59.672189
jedwards_pio_update2,discover,gfortran,8.3.0,mpt,2.17,g,Linux,N/A,N/A,fail,13647,0,49,0,80,0,46,4,[artifacts](https://github.com/esmf-org/esmf-test-artifacts/tree/1a2a6285e020548bda5423c4aee88910feeb6fe4/jedwards_pio_update2/discover/gfortran/8.3.0/g/mpt/2.17),2022-03-09 15:46:59.672183
jedwards_pio_update2,discover,intel,2020,intelmpi,19.1.3.304,O,Linux,4.8.0,4.5.4,fail,13647,0,49,0,80,0,50,0,[artifacts](https://github.com/esmf-org/esmf-test-artifacts/tree/30f936be9fbaa280ca6c44662623730b45e4efc6/jedwards_pio_update2/discover/intel/2020/O/intelmpi/19.1.3.304),2022-03-09 15:46:59.672191
jedwards_pio_update2,discover,intel,2020,intelmpi,19.1.3.304,g,Linux,4.8.0,4.5.4,fail,13647,0,49,0,80,0,50,0,[artifacts](https://github.com/esmf-org/esmf-test-artifacts/tree/0c810a11ab71305b382d6ca097ce3a05870f9c67/jedwards_pio_update2/discover/intel/2020/g/intelmpi/19.1.3.304),2022-03-09 15:46:59.672181
jedwards_pio_update2,discover,intel,2020,mpt,2.17,O,Linux,4.8.0,4.5.4,fail,pass,fail,pass,fail,pass,fail,0,50,[artifacts](https://github.com/esmf-org/esmf-test-artifacts/tree/e98633f7051044027710e70da4094aa8e7fb912f/jedwards_pio_update2/discover/intel/2020/O/mpt/2.17),2022-03-09 15:46:59.672170
jedwards_pio_update2,discover,intel,2020,mpt,2.17,g,Linux,4.8.0,4.5.4,fail,pass,fail,pass,fail,pass,fail,0,50,[artifacts](https://github.com/esmf-org/esmf-test-artifacts/tree/1c8dd52409e39b878736f342618eecc29cc06006/jedwards_pio_update2/discover/intel/2020/g/mpt/2.17),2022-03-09 15:46:59.672139
jedwards_pio_update2,discover,pgi,2020,mpiuni,none,O,Linux,N/A,N/A,fail,11499,622,6,2,40,3,0,50,[artifacts](https://github.com/esmf-org/esmf-test-artifacts/tree/99f04e3aa72ec387f59806b1da7b3fe5de64572f/jedwards_pio_update2/discover/pgi/2020/O/mpiuni/none),2022-03-09 15:46:59.672173
jedwards_pio_update2,discover,pgi,2020,mpiuni,none,g,Linux,N/A,N/A,fail,11499,622,4,4,40,3,0,50,[artifacts](https://github.com/esmf-org/esmf-test-artifacts/tree/3e1ac9938fd746d876cf52a06b2c5188b7a5404a/jedwards_pio_update2/discover/pgi/2020/g/mpiuni/none),2022-03-09 15:46:59.672162
